"sep=,"
one,two,three,4,5th,6th,7th,8th,9th,10th
10/12/2011,62,(096)8636455,obmjc6r0l8@outlook.net,Jennifer Perez,"146 Williams Mount Suite 743
East William, SD 41531",swanson.com,"Development worker, community",orchestrate ubiquitous architectures,None evening beautiful police. Risk skin everyone century change factor decade. Investment rate despite pretty until employee. Dream dog wall other loss view. Movie factor first buy. Blue avoid buy show current. Who certain few color. Back those there above save. Side why speak middle. Might street method very marriage lot.
04/21/2014,63,(096)5186555,xpbtnylo3e39t4@gmail.com,Maria Thompson,"05420 Byrd Courts Suite 415
East James, FL 52296",fernandez-cantu.com,Chief Technology Officer,redefine dynamic networks,Role road pay task buy ever marriage. Suffer one yes. Certain matter employee fish of body. Study son surface fear once mission listen as. Method this day evening very material. Dog probably according west. Side stuff still fall. Peace know court political together hair all education. Safe side form anyone early. Agency street hour receive provide support their.
04/21/2015,74,(093)8661466,plem0duwzv3d5r@charter.gov,Michelle Brewer,"1316 Smith Club
Ryanville, OR 86415",ware.com,Advertising copywriter,strategize interactive bandwidth,Term not per world see spend. Own good executive conference quickly each. Into protect agency whether around push draw PM. Method foreign kind start rule about. Couple all size success list ask. Particularly page end whom American nice road. Concern former affect. Else research speech forward world. Lead reach defense source job. Price pressure matter three generation after.
09/13/2002,64,(097)4330168,mc1ye5avsykqzny26w57@gmail.com,Rodney Collins,"4297 Michael Neck Apt. 243
Shanefort, AL 41721",horton.com,"Clinical scientist, histocompatibility and immunogenetics",extend value-added bandwidth,Knowledge tough guy start particular fly. Reality my interest. Minute true mission TV. Up one southern raise organization. Significant risk position teacher door quickly world sound. Total I up sort thousand change town difficult. Pattern least avoid report production book economic. Science since town order do he. Avoid play food impact account. Seek win specific want data common.
04/18/2014,9,(097)6891364,2h9wds@frontier.gov,Jenna Thornton,"2533 Jamie Island Apt. 479
Teresaport, CA 16056",ruiz.net,Commercial art gallery manager,e-enable cross-media methodologies,Air statement these in chance. Option where ground technology speak benefit. Pattern second table network year give. Program social bad loss before training her say. Wonder strategy yeah technology. Great amount here national now fish. Plant place speech water for political second. Evening scene civil street water pressure hot. No boy station agency strong management understand. Party plan grow skill mouth.
07/19/2013,25,(095)1562922,z7cx@verizon.net,Patricia Gonzalez,"61816 Ann Neck Suite 184
West Oliviaton, NH 24338",benton-stone.com,Chief Executive Officer,utilize web-enabled content,Black happen mission smile Republican seek low. First color window central trial. Break blue east not including popular decision. Worker choose Republican keep second list. Account themselves people factor. Seek fact change attack send hair. Doctor his practice city American decision cut. Music budget heart at hit within a. Style wall section sometimes moment its popular middle. Offer hand produce sure allow race sport board.
11/02/2005,62,(097)2602813,p0ftwh571fnnvyd@gmail.net,Jessica Raymond,"371 Jason Flats
West Johnside, MI 61962",webb-aguilar.com,Academic librarian,unleash front-end niches,Hospital view even start. Court since get own north. Husband large professional seek grow student sure. Rise yard throw car TV. Pressure company affect behavior large spend. Story between last maybe. Still allow seem think machine board. Wrong care anything these always rich cell. Local town second official building federal organization region. Sea red first ask nation prevent away.
08/15/2001,63,(094)7948770,dumf0ln6yojoqcy@frontier.gov,Regina Kennedy,"4370 Lee Mount
New Lorichester, CO 87540",frey.com,Ceramics designer,transition killer e-commerce,Detail laugh focus final collection look partner. Page challenge sell area. Will hit mouth beat upon. Seem push close coach. However amount specific. Church international of writer. Voice staff say perform follow difference. Over store indicate fast. Black family unit concern form manager little sometimes. Energy in nor score serve move.
12/16/2016,72,(095)7433164,0gm3uoxl@charter.gov,David Nunez,"570 Bryan Mountains Apt. 214
Lauraburgh, NJ 22766",robles-calhoun.com,Planning and development surveyor,deliver B2B niches,If place can record. Rich cut enough kind option history offer. First possible yard. Sort later near fly. Stand out while education. Clearly fund help about. Low life step design own. Think civil story address message half. Throw same wonder nearly pattern yard report. About language last after perhaps democratic page.
06/18/2011,6,(094)4037496,2u6g@hotmail.org,Carly Rodriguez,"00357 Garcia Field
East Jessicafurt, OR 69578",sweeney-woodward.com,Insurance broker,enable cutting-edge e-business,Often whole your less enter opportunity test. Candidate moment large. Stuff prevent amount environmental. Later team discover nature claim vote TV. Bill word perhaps interesting then ago. Movie capital degree realize again charge. Need political soldier professional former specific. Can loss reach when senior only use. Firm movie school clearly full second. Event together than development protect care rule.
11/17/2015,80,(094)7317409,8f24ab3@charter.org,Jeremy Stanley,"69586 Julie Forges Apt. 917
East Ethanport, GA 39811",tran.biz,Physiological scientist,reinvent scalable relationships,Top pull story involve conference either worry. Baby plant eat TV wife street morning. Quickly quality ready throughout stop. Difficult pretty upon Mr parent. Store employee light near impact size now. Officer live election first health those traditional reflect. Several ago low onto gun evening old police. Law writer between could any like same. Control box science care responsibility play. Bank parent employee bag everything.
01/31/2008,45,(099)9124661,w8bd35qc9f1@hotmail.gov,Frank Manning,"PSC 1263, Box 9587
APO AE 02417",swanson.com,Fisheries officer,generate vertical e-tailers,Short somebody teach water home series. Series just military she. Teacher case economy spend bar machine. Attorney hear if watch similar. Specific anything computer deep. Big expert three. Meeting discussion pick science. Stop sport develop commercial behavior some. Through reveal better too international free benefit tonight. Appear serious form account name record ask federal.
12/07/2002,42,(093)9287155,7qj@yahoo.net,Mrs. Lisa Robbins,"585 Ray Mills
Melissaborough, MT 94586",roberts-andrews.com,Ranger/warden,utilize open-source ROI,Ten lawyer hit including. Data security window. Type west real thought discuss rise. Defense worker that wonder wife. Others if sense. Century ability economy detail range young me. I score dinner result street. Modern television computer hotel production method community half. Relate film debate protect. Writer lay place important put push scene.
09/02/2006,56,(093)9269967,chiw2ijitmcpka19a5x@verizon.org,Kristen Smith,"2313 Ramsey Drive Suite 619
Herbertshire, LA 29763",ellis-gordon.info,"Accountant, chartered management",brand 24/365 experiences,Which station discussion. Film compare national end just. Event power pay surface meet decade. Music hotel commercial especially standard business maintain you. Once national response hour plan everyone. Him into get own million never appear. Central low century true indicate. Director local campaign mouth property. Just position country in whose as. Week season song call ready student save.
12/20/2000,70,(094)5087245,cor6n78swg@gmail.org,Daniel Huber,"0056 Tara Inlet
Port Anna, AZ 54991",sawyer.net,Stage manager,revolutionize global methodologies,Book future by. Seem without computer enter yard but go off. Commercial can have never fight. Name kind compare within its put. Son be fight need win order hard. Middle this reason positive travel add president. Get film my opportunity. Box or yeah surface. Option study nature material natural attorney. Boy television painting.
10/14/2011,62,(095)1975614,r5k7r9rxzf2arsxpexez@frontier.gov,Cody Warner,"7434 Rachel Crescent Apt. 889
Lake Louisport, WA 06609",jackson-turner.org,Senior tax professional/tax inspector,monetize cutting-edge applications,Poor better common skin call close lead. Wide bank doctor politics learn. Authority crime instead pull page important half. Spring both effect economy along management group. Reflect difference rock. Night put beautiful director technology. Present per myself office color possible white. Especially offer until charge resource become trip. Today catch nor blood physical grow risk mission. Choose car establish write development drug.
10/25/2002,99,(093)3469741,b@frontier.net,Melissa Best,"08433 Cheyenne Turnpike
Shannonbury, MO 25507",hicks.biz,Data processing manager,synthesize cutting-edge info-mediaries,Front lead community. Consider billion factor night not last. Mention movement almost fast claim gun college. Democrat strategy stage night economy. Argue people blue responsibility table economy. Different simple treatment to. Mention media start eye picture door nation account. Way Mrs economic. From read who major street include. Sell remain make.
07/08/2005,1,(097)3030769,772hk@hotmail.net,Diane Nguyen,"4935 Edwards Brook
South Johnland, OH 11833",suarez.biz,Chiropractor,re-intermediate out-of-the-box experiences,Wall very model should what game. Throughout live painting trip water article writer choice. Let whom nation future say knowledge recently. Only particularly level call doctor price about. Yourself shoulder piece great able. Science born serious choice guy just. Pressure difficult population agent drug suddenly prevent eight. Perform cover she worker reveal guess treatment hair. Use black go artist film than can perhaps. Shake sort black move.
06/16/2007,78,(095)9520217,e5wnpnhuiompk4x6@verizon.com,Sandra Flores,"32237 Nicole Hill
East Thomasberg, NJ 42357",roberts.com,Marine scientist,orchestrate extensible architectures,Determine but game. Report of current up smile knowledge fund. Mother answer who point usually never. Method hand without various own affect to. Beyond country happen whom fly treatment man. Sometimes identify know second effect institution discover. Pull start bar ball answer town. Food yes much weight share about season. Executive receive hot have camera whose. However money never toward day result.
08/15/2013,53,(095)2793853,vg3z1xh78xap@yahoo.gov,Warren Anderson,"658 Julie Locks Apt. 623
South Amanda, MT 77992",brown.com,Armed forces operational officer,leverage robust markets,American group interest seem back. List agency support remain bill. Whether state push strategy leave. Nothing expert apply ahead point. Lot threat beat matter. Also attack mission game reflect. Million machine perform push wear. Ever quite anything dark night speak. Boy thank order face design. Bad Democrat line score west speak data.
01/13/2005,15,(094)9820602,m4t3o0jbsp55@hotmail.org,Danielle Hicks,"24025 Kyle Courts Suite 756
Richardmouth, LA 63930",gardner.com,Sales promotion account executive,whiteboard open-source supply-chains,Data contain pick perhaps character. Also run rich fight religious into society. Shoulder traditional employee project. Challenge country make tend discuss stay. Strategy exactly Mrs population. Require after east animal personal. Fact range work grow simple. Summer she wife bed song. Wide member model agent. Improve central still moment understand.
09/18/2012,85,(099)5044261,8ve6ev5zt8@yahoo.gov,Sally Herrera,"9138 Hayes Green
Erinmouth, TN 98895",bowers.com,Podiatrist,e-enable frictionless portals,Outside major many cut. South ten adult identify defense local PM. Wait lead development sell take hair recognize American. Choice interview firm develop. Condition rest fear job. Strategy ten enter thing through. Seek surface it design picture. Drug want different protect raise. Product price quality time evidence inside. Station recognize let eat.
